Names,Company,Churn_Prediction,Churn_Probability,Risk_Level
37.0,,0,0.12291537095347384,Низький
23.0,,1,0.9560965953951179,Високий
65.0,,0,0.020020024558529987,Низький
32.0,,1,0.9319866338850574,Високий
32.0,,1,0.538044231309228,Середній
22.0,,0,0.01814028357355497,Низький
